{"stats":{"minecraft:picked_up":{"minecraft:wheat":13,"minecraft:nether_brick_fence":6,"minecraft:iron_trapdoor":1,"minecraft:anvil":1,"minecraft:yellow_wool":8,"minecraft:lead":7,"minecraft:oak_stairs":1,"minecraft:brewing_stand":2,"minecraft:string":5954,"minecraft:raw_copper":29,"minecraft:pufferfish":5,"minecraft:beetroot":2,"minecraft:deepslate_tiles":41,"minecraft:gold_nugget":1,"minecraft:cobbled_deepslate":203,"minecraft:bucket":4,"minecraft:redstone_torch":1,"minecraft:cobblestone_slab":6,"minecraft:calcite":1,"minecraft:iron_pickaxe":2,"minecraft:furnace":5,"minecraft:stick":111,"minecraft:composter":3,"minecraft:oak_fence":5,"minecraft:torch":95,"minecraft:porkchop":63,"minecraft:diorite":60,"minecraft:stone_sword":1,"minecraft:rotten_flesh":59,"minecraft:blaze_rod":12,"minecraft:cod":33,"minecraft:cobblestone":1215,"minecraft:birch_log":1,"minecraft:magma_block":3,"minecraft:feather":5,"minecraft:cooked_beef":7,"minecraft:iron_door":1,"minecraft:andesite":98,"minecraft:potato":360,"minecraft:flint":9,"minecraft:tuff":120,"minecraft:lapis_lazuli":63,"minecraft:dirt":1545,"minecraft:bone":27,"minecraft:bow":1,"minecraft:wheat_seeds":145,"minecraft:raw_gold":94,"minecraft:bell":1,"minecraft:grindstone":2,"minecraft:fletching_table":10,"minecraft:bamboo":232,"minecraft:powered_rail":22,"minecraft:oak_planks":5,"minecraft:cooked_porkchop":39,"minecraft:music_disc_13":1,"minecraft:poisonous_potato":2,"minecraft:sand":149,"minecraft:grass_block":2,"minecraft:barrel":3,"minecraft:mossy_cobblestone":25,"minecraft:dispenser":1,"minecraft:diamond":6,"minecraft:lever":7,"minecraft:granite":69,"minecraft:bone_meal":5,"minecraft:bread":19,"minecraft:oak_sapling":32,"minecraft:netherrack":71,"minecraft:crafting_table":17,"minecraft:charcoal":2,"minecraft:azure_bluet":3,"minecraft:chicken":4,"minecraft:nether_wart":16,"minecraft:wooden_pickaxe":1,"minecraft:gold_block":1,"minecraft:heavy_weighted_pressure_plate":2,"minecraft:cornflower":25,"minecraft:oak_trapdoor":5,"minecraft:blackstone":5,"minecraft:beef":38,"minecraft:oak_boat":12,"minecraft:lectern":133,"minecraft:observer":3,"minecraft:minecart":16,"minecraft:poppy":23,"minecraft:spruce_slab":2,"minecraft:light_gray_wool":1,"minecraft:sugar_cane":778,"minecraft:chest":10,"minecraft:spruce_trapdoor":2,"minecraft:egg":15,"minecraft:raw_iron":245,"minecraft:note_block":2,"minecraft:carrot":818,"minecraft:redstone":80,"minecraft:arrow":15,"minecraft:beetroot_seeds":6,"minecraft:nether_bricks":15,"minecraft:hay_block":17,"minecraft:mutton":45,"minecraft:rail":63,"minecraft:white_wool":76,"minecraft:oxeye_daisy":2,"minecraft:basalt":51,"minecraft:glow_ink_sac":3,"minecraft:tripwire_hook":3,"minecraft:salmon":12,"minecraft:leather":26,"minecraft:oak_log":185,"minecraft:lily_pad":3,"minecraft:yellow_bed":1,"minecraft:golden_boots":1,"minecraft:gunpowder":4,"minecraft:cobblestone_stairs":11,"minecraft:cooked_mutton":32,"minecraft:apple":8,"minecraft:iron_ingot":5,"minecraft:stone_pickaxe":1,"minecraft:cooked_chicken":2,"minecraft:soul_sand":10,"minecraft:book":78,"minecraft:scaffolding":19,"minecraft:smooth_basalt":6,"minecraft:quartz":15,"minecraft:dandelion":80,"minecraft:gravel":190,"minecraft:amethyst_shard":20,"minecraft:spruce_sapling":85,"minecraft:white_bed":36,"minecraft:spruce_log":621,"minecraft:spider_eye":24,"minecraft:gray_wool":1,"minecraft:coal":521,"minecraft:hopper":4,"minecraft:ender_pearl":2},"minecraft:custom":{"minecraft:interact_with_crafting_table":187,"minecraft:leave_game":27,"minecraft:time_since_death":1372307,"minecraft:sprint_one_cm":2963985,"minecraft:damage_blocked_by_shield":8283,"minecraft:drop":404,"minecraft:play_noteblock":4,"minecraft:talked_to_villager":389,"minecraft:play_time":1372307,"minecraft:jump":17446,"minecraft:interact_with_brewingstand":9,"minecraft:walk_on_water_one_cm":235485,"minecraft:enchant_item":10,"minecraft:interact_with_furnace":150,"minecraft:traded_with_villager":478,"minecraft:sleep_in_bed":87,"minecraft:damage_dealt":52214,"minecraft:crouch_one_cm":197975,"minecraft:inspect_dispenser":3,"minecraft:horse_one_cm":2848,"minecraft:interact_with_anvil":16,"minecraft:mob_kills":307,"minecraft:inspect_hopper":8,"minecraft:interact_with_campfire":80,"minecraft:climb_one_cm":28343,"minecraft:walk_one_cm":3011115,"minecraft:sneak_time":83787,"minecraft:walk_under_water_one_cm":57940,"minecraft:boat_one_cm":1264511,"minecraft:total_world_time":1444629,"minecraft:tune_noteblock":37636,"minecraft:interact_with_stonecutter":9,"minecraft:interact_with_grindstone":4,"minecraft:time_since_rest":12282,"minecraft:damage_taken":7580,"minecraft:minecart_one_cm":57207,"minecraft:swim_one_cm":284011,"minecraft:fly_one_cm":3556159,"minecraft:open_chest":510,"minecraft:fish_caught":168,"minecraft:fall_one_cm":308579},"minecraft:used":{"minecraft:beetroot":2,"minecraft:iron_shovel":1642,"minecraft:dispenser":2,"minecraft:spruce_slab":10,"minecraft:poppy":4,"minecraft:shield":170,"minecraft:chest":31,"minecraft:iron_sword":252,"minecraft:nether_wart":16,"minecraft:rotten_flesh":1,"minecraft:iron_chestplate":1,"minecraft:soul_sand":10,"minecraft:mutton":3,"minecraft:nether_bricks":12,"minecraft:carrot":308,"minecraft:tuff":1,"minecraft:azure_bluet":2,"minecraft:obsidian":9,"minecraft:glass":35,"minecraft:lava_bucket":2,"minecraft:lantern":9,"minecraft:iron_helmet":1,"minecraft:scaffolding":25,"minecraft:oak_sapling":11,"minecraft:furnace":8,"minecraft:beetroot_seeds":6,"minecraft:egg":14,"minecraft:potato":119,"minecraft:stone_pickaxe":136,"minecraft:powered_rail":44,"minecraft:oak_planks":21,"minecraft:blackstone":5,"minecraft:wooden_pickaxe":26,"minecraft:composter":1,"minecraft:sugar_cane":192,"minecraft:white_wool":3,"minecraft:sand":1,"minecraft:note_block":3,"minecraft:shears":19,"minecraft:deepslate_tiles":156,"minecraft:redstone_torch":8,"minecraft:lever":12,"minecraft:string":36,"minecraft:heavy_weighted_pressure_plate":3,"minecraft:lectern":138,"minecraft:iron_door":3,"minecraft:diamond_sword":109,"minecraft:grindstone":2,"minecraft:andesite":13,"minecraft:oak_boat":13,"minecraft:bone_meal":32,"minecraft:oak_fence":4,"minecraft:oak_trapdoor":10,"minecraft:enchanting_table":1,"minecraft:stone_sword":4,"minecraft:flint_and_steel":2,"minecraft:redstone":2,"minecraft:cooked_chicken":1,"minecraft:netherrack":61,"minecraft:torch":633,"minecraft:brewing_stand":2,"minecraft:dirt":971,"minecraft:anvil":2,"minecraft:wheat":4,"minecraft:white_carpet":3,"minecraft:hopper":9,"minecraft:yellow_carpet":1,"minecraft:granite":3,"minecraft:spruce_fence":1,"minecraft:iron_hoe":161,"minecraft:bookshelf":29,"minecraft:iron_axe":1502,"minecraft:iron_boots":1,"minecraft:barrel":6,"minecraft:smooth_basalt":4,"minecraft:bamboo":32,"minecraft:tripwire_hook":2,"minecraft:basalt":7,"minecraft:golden_carrot":52,"minecraft:iron_trapdoor":2,"minecraft:minecart":17,"minecraft:cooked_beef":27,"minecraft:cobbled_deepslate":63,"minecraft:observer":4,"minecraft:iron_leggings":1,"minecraft:calcite":1,"minecraft:wheat_seeds":23,"minecraft:cooked_mutton":37,"minecraft:water_bucket":73,"minecraft:cobblestone_stairs":165,"minecraft:glass_bottle":3,"minecraft:spruce_sign":5,"minecraft:fletching_table":10,"minecraft:stonecutter":1,"minecraft:cobblestone_slab":80,"minecraft:rail":144,"minecraft:crafting_table":25,"minecraft:white_bed":49,"minecraft:campfire":2,"minecraft:spruce_log":1,"minecraft:oak_log":2,"minecraft:cornflower":5,"minecraft:diamond_pickaxe":642,"minecraft:oxeye_daisy":1,"minecraft:iron_pickaxe":2061,"minecraft:map":1,"minecraft:spruce_pressure_plate":3,"minecraft:spruce_trapdoor":31,"minecraft:spruce_sapling":58,"minecraft:yellow_wool":2,"minecraft:stone_axe":25,"minecraft:fishing_rod":239,"minecraft:cobblestone":721,"minecraft:cooked_porkchop":54,"minecraft:bucket":76,"minecraft:yellow_bed":2,"minecraft:dandelion":17},"minecraft:crafted":{"minecraft:grindstone":2,"minecraft:oak_planks":708,"minecraft:cobblestone_slab":6,"minecraft:barrel":3,"minecraft:blaze_powder":22,"minecraft:cooked_chicken":1,"minecraft:stone":7,"minecraft:lever":5,"minecraft:bookshelf":35,"minecraft:heavy_weighted_pressure_plate":1,"minecraft:cooked_mutton":6,"minecraft:spruce_pressure_plate":3,"minecraft:glass":42,"minecraft:hopper":6,"minecraft:bow":1,"minecraft:iron_boots":3,"minecraft:chest":28,"minecraft:iron_door":3,"minecraft:rail":112,"minecraft:oak_fence":3,"minecraft:glass_bottle":3,"minecraft:emerald":438,"minecraft:cooked_porkchop":22,"minecraft:crafting_table":9,"minecraft:spruce_planks":1700,"minecraft:wooden_pickaxe":1,"minecraft:iron_helmet":2,"minecraft:fletching_table":4,"minecraft:birch_planks":4,"minecraft:hay_block":2,"minecraft:brewing_stand":1,"minecraft:campfire":2,"minecraft:dispenser":1,"minecraft:spruce_trapdoor":30,"minecraft:smooth_basalt":1,"minecraft:lectern":5,"minecraft:iron_chestplate":1,"minecraft:book":22,"minecraft:paper":552,"minecraft:diamond_pickaxe":1,"minecraft:shield":4,"minecraft:stick":3399,"minecraft:stone_slab":6,"minecraft:iron_ingot":246,"minecraft:iron_pickaxe":9,"minecraft:iron_block":3,"minecraft:stone_sword":1,"minecraft:gold_ingot":105,"minecraft:redstone_torch":7,"minecraft:composter":1,"minecraft:shears":2,"minecraft:golden_carrot":75,"minecraft:fishing_rod":5,"minecraft:tripwire_hook":2,"minecraft:furnace":3,"minecraft:yellow_bed":1,"minecraft:bone_meal":27,"minecraft:spruce_fence":6,"minecraft:white_carpet":3,"minecraft:oak_trapdoor":6,"minecraft:flint_and_steel":1,"minecraft:scaffolding":96,"minecraft:lantern":9,"minecraft:iron_axe":13,"minecraft:iron_hoe":2,"minecraft:spruce_slab":48,"minecraft:stone_pickaxe":1,"minecraft:observer":1,"minecraft:minecart":2,"minecraft:wheat":153,"minecraft:cooked_beef":23,"minecraft:sugar":31,"minecraft:diamond_sword":1,"minecraft:iron_trapdoor":1,"minecraft:spruce_sign":6,"minecraft:enchanting_table":1,"minecraft:powered_rail":36,"minecraft:yellow_carpet":3,"minecraft:iron_sword":3,"minecraft:bucket":4,"minecraft:stone_axe":1,"minecraft:enchanted_book":5,"minecraft:bread":51,"minecraft:air":0,"minecraft:oak_boat":2,"minecraft:gold_nugget":603,"minecraft:iron_shovel":7,"minecraft:iron_leggings":3,"minecraft:stonecutter":1,"minecraft:anvil":1,"minecraft:white_bed":14,"minecraft:note_block":1,"minecraft:torch":540},"minecraft:dropped":{"minecraft:dirt":3,"minecraft:iron_pickaxe":2,"minecraft:stone_axe":1,"minecraft:cooked_chicken":2,"minecraft:cobbled_deepslate":10,"minecraft:rotten_flesh":4,"minecraft:carrot":404,"minecraft:bread":69,"minecraft:wheat_seeds":3,"minecraft:poisonous_potato":2,"minecraft:cobblestone":1,"minecraft:oxeye_daisy":1,"minecraft:diorite":1,"minecraft:torch":1,"minecraft:string":2,"minecraft:bucket":3,"minecraft:dandelion":1,"minecraft:stone_sword":2,"minecraft:tuff":2,"minecraft:potato":88,"minecraft:shield":1,"minecraft:andesite":26,"minecraft:wooden_pickaxe":1},"minecraft:mined":{"minecraft:white_bed":36,"minecraft:cobblestone_stairs":11,"minecraft:brewing_stand":2,"minecraft:spruce_trapdoor":2,"minecraft:granite":40,"minecraft:grass_block":1168,"minecraft:composter":3,"minecraft:hopper":4,"minecraft:nether_wart":16,"minecraft:oxeye_daisy":2,"minecraft:magma_block":2,"minecraft:barrel":3,"minecraft:iron_ore":171,"minecraft:fire":13,"minecraft:fletching_table":10,"minecraft:deepslate_lapis_ore":2,"minecraft:anvil":1,"minecraft:nether_brick_stairs":1,"minecraft:azure_bluet":3,"minecraft:dirt_path":3,"minecraft:oak_stairs":1,"minecraft:spruce_slab":3,"minecraft:tripwire":14,"minecraft:deepslate_redstone_ore":9,"minecraft:blackstone":7,"minecraft:amethyst_cluster":5,"minecraft:torch":32,"minecraft:note_block":2,"minecraft:calcite":3,"minecraft:poppy":22,"minecraft:chest":10,"minecraft:dead_bush":39,"minecraft:nether_quartz_ore":15,"minecraft:glass":16,"minecraft:cobblestone":207,"minecraft:grindstone":2,"minecraft:sugar_cane":509,"minecraft:oak_planks":6,"minecraft:iron_door":1,"minecraft:wall_torch":39,"minecraft:powered_rail":22,"minecraft:yellow_wool":8,"minecraft:birch_log":1,"minecraft:wheat":32,"minecraft:oak_log":185,"minecraft:beetroots":2,"minecraft:sand":184,"minecraft:dirt":356,"minecraft:smooth_basalt":6,"minecraft:dispenser":1,"minecraft:netherrack":80,"minecraft:oak_leaves":22,"minecraft:deepslate":220,"minecraft:deepslate_tiles":41,"minecraft:tuff":125,"minecraft:mossy_cobblestone":25,"minecraft:deepslate_diamond_ore":6,"minecraft:lever":7,"minecraft:nether_bricks":16,"minecraft:redstone_wire":1,"minecraft:spruce_leaves":116,"minecraft:hay_block":17,"minecraft:redstone_ore":4,"minecraft:oak_trapdoor":5,"minecraft:furnace":5,"minecraft:spruce_sapling":12,"minecraft:heavy_weighted_pressure_plate":1,"minecraft:carrots":265,"minecraft:andesite":88,"minecraft:gold_block":1,"minecraft:bell":1,"minecraft:nether_brick_fence":7,"minecraft:bookshelf":26,"minecraft:potatoes":101,"minecraft:deepslate_iron_ore":62,"minecraft:cobblestone_slab":6,"minecraft:rail":62,"minecraft:bamboo_sapling":2,"minecraft:bamboo":18,"minecraft:stone":964,"minecraft:white_wool":8,"minecraft:scaffolding":17,"minecraft:soul_sand":10,"minecraft:basalt":56,"minecraft:observer":3,"minecraft:dandelion":70,"minecraft:oak_fence":5,"minecraft:crafting_table":16,"minecraft:cornflower":24,"minecraft:short_grass":628,"minecraft:lectern":133,"minecraft:campfire":1,"minecraft:tall_grass":38,"minecraft:copper_ore":9,"minecraft:deepslate_coal_ore":2,"minecraft:deepslate_gold_ore":87,"minecraft:lapis_ore":8,"minecraft:diorite":55,"minecraft:redstone_torch":1,"minecraft:spruce_log":623,"minecraft:yellow_bed":1,"minecraft:coal_ore":328,"minecraft:gravel":127,"minecraft:cobweb":5,"minecraft:gold_ore":7,"minecraft:iron_trapdoor":1},"minecraft:killed":{"minecraft:cave_spider":1,"minecraft:zombified_piglin":1,"minecraft:spider":73,"minecraft:skeleton":24,"minecraft:chicken":3,"minecraft:pig":32,"minecraft:zombie_villager":6,"minecraft:iron_golem":1,"minecraft:creeper":9,"minecraft:sheep":28,"minecraft:trader_llama":4,"minecraft:zombie":58,"minecraft:cow":20,"minecraft:blaze":27,"minecraft:drowned":1,"minecraft:wandering_trader":2,"minecraft:wither_skeleton":4,"minecraft:villager":6,"minecraft:enderman":3},"minecraft:broken":{"minecraft:iron_shovel":6,"minecraft:stone_pickaxe":1,"minecraft:fishing_rod":2,"minecraft:shield":1,"minecraft:iron_pickaxe":6,"minecraft:iron_helmet":1}},"DataVersion":3700}